{"proportion": 0.05, "analyzer": "word", "method": "tfidf", "Ngrams": [1, 2], "freq_threshold": 0, "stop_word": true, "class_together": true, "Naive_Bayes": {"BigData_fraction": 0.05, "time_train": 0.006969928741455078, "score_": 67.48, "class_rp": {"negative": {"precision": 0.8336919490765644, "recall": 0.25795445088629365, "f1-score": 0.394000381331695, "support": 36049.0}, "neutral": {"precision": 0.9, "recall": 0.0011776251226692837, "f1-score": 0.0023521724926494608, "support": 15285.0}, "positive": {"precision": 0.6601868484296693, "recall": 0.9844783932874249, "f1-score": 0.7903610671956165, "support": 81757.0}, "accuracy": 0.6747638833580032, "macro avg": {"precision": 0.7979595991687445, "recall": 0.41453682309879597, "f1-score": 0.39557120700665366, "support": 133091.0}, "weighted avg": {"precision": 0.7347240402380744, "recall": 0.6747638833580032, "f1-score": 0.5925030428345149, "support": 133091.0}}, "kappa_": 21.55, "lr_auc": 0.8054459799594826, "f1_auc": [["negative", "neutral", "positive"], [0.394000381331695, 0.0023521724926494608, 0.7903610671956165], [0.7189896536673437, 0.21293426178022112, 0.8588990746217117]]}, "Logistic_Regression": {"BigData_fraction": 0.05, "time_train": 10.10689926147461, "score_": 68.16, "class_rp": {"negative": {"precision": 0.6276221347534151, "recall": 0.751948736442065, "f1-score": 0.6841832935801815, "support": 36049.0}, "neutral": {"precision": 0.3046962124654083, "recall": 0.48263002944062805, "f1-score": 0.3735568158800891, "support": 15285.0}, "positive": {"precision": 0.8560815953722027, "recall": 0.6878432427804347, "f1-score": 0.762796123352798, "support": 81757.0}, "accuracy": 0.6816388786619682, "macro avg": {"precision": 0.5961333141970088, "recall": 0.6408073362210426, "f1-score": 0.6068454109376895, "support": 133091.0}, "weighted avg": {"precision": 0.7308765802053091, "recall": 0.6816388786619682, "f1-score": 0.6968004007630406, "support": 133091.0}}, "kappa_": 45.86, "lr_auc": 0.842170318103357, "f1_auc": [["negative", "neutral", "positive"], [0.6841832935801815, 0.3735568158800891, 0.762796123352798], [0.7427961272203887, 0.3073690338206374, 0.8916877420942347]]}, "Svm_Svc": {"BigData_fraction": 0.05, "time_train": 949.536283493042, "score_": 72.36, "class_rp": {"negative": {"precision": 0.6209348485178965, "recall": 0.7897029043801492, "f1-score": 0.6952232099247827, "support": 36049.0}, "neutral": {"precision": 0.4001288066979483, "recall": 0.2845273143604841, "f1-score": 0.3325686319492238, "support": 15285.0}, "positive": {"precision": 0.8311751227495908, "recall": 0.7764595080543562, "f1-score": 0.8028861963422963, "support": 81757.0}, "accuracy": 0.7235500522199096, "macro avg": {"precision": 0.6174129259884785, "recall": 0.6168965755983299, "f1-score": 0.6102260127387676, "support": 133091.0}, "weighted avg": {"precision": 0.7247254410534001, "recall": 0.7235500522199096, "f1-score": 0.7197104221042707, "support": 133091.0}}, "kappa_": 49.26, "lr_auc": 0.8493499811505671, "f1_auc": [["negative", "neutral", "positive"], [0.6828871510930989, 0.19865854282934822, 0.8221662183208268], [0.7494741439529704, 0.3058827439730476, 0.8953808867341562]]}, "Kneighbors_Classifier": {"BigData_fraction": 0.05, "time_train": 0.0019135475158691406, "score_": 64.32, "class_rp": {"negative": {"precision": 0.8154445625221396, "recall": 0.12771505450914034, "f1-score": 0.22084182755726106, "support": 36049.0}, "neutral": {"precision": 0.4231404958677686, "recall": 0.016748446189074256, "f1-score": 0.03222152297042165, "support": 15285.0}, "positive": {"precision": 0.6365972879217913, "recall": 0.9876340863779248, "f1-score": 0.7741817955195904, "support": 81757.0}, "accuracy": 0.6432140415204635, "macro avg": {"precision": 0.6250607821038998, "recall": 0.3773658623587131, "f1-score": 0.3424150486824244, "support": 133091.0}, "weighted avg": {"precision": 0.6605251142625823, "recall": 0.6432140415204635, "f1-score": 0.5390929069321724, "support": 133091.0}}, "kappa_": 11.37, "lr_auc": 0.7950827480927797, "f1_auc": [["negative", "neutral", "positive"], [0.22084182755726106, 0.03222152297042165, 0.7741817955195904], [0.664011816412419, 0.2380806277666082, 0.8591473881107752]]}, "Random_Forest": {"BigData_fraction": 0.05, "time_train": 202.78569436073303, "score_": 73.27, "class_rp": {"negative": {"precision": 0.6863575766553103, "recall": 0.6426807955837888, "f1-score": 0.6638015013466277, "support": 36049.0}, "neutral": {"precision": 0.5807464248343216, "recall": 0.10893032384690873, "f1-score": 0.18345085940943145, "support": 15285.0}, "positive": {"precision": 0.7534337455555671, "recall": 0.8890125616155191, "f1-score": 0.8156273495449597, "support": 81757.0}, "accuracy": 0.7327016853130565, "macro avg": {"precision": 0.6735125823483997, "recall": 0.5468745603487388, "f1-score": 0.5542932367670063, "support": 133091.0}, "weighted avg": {"precision": 0.7154330204132989, "recall": 0.7327016853130565, "f1-score": 0.7019007440387781, "support": 133091.0}}, "kappa_": 44.72, "lr_auc": 0.8197685138952424, "f1_auc": [["negative", "neutral", "positive"], [0.6638015013466277, 0.18345085940943145, 0.8156273495449597], [0.7229675156461028, 0.30655963034486544, 0.854070180457843]]}, "SGD_Classifier": {"BigData_fraction": 0.05, "time_train": 3.3063042163848877, "score_": 71.94, "class_rp": {"negative": {"precision": 0.6539887727249317, "recall": 0.704513301339843, "f1-score": 0.6783114992721979, "support": 36049.0}, "neutral": {"precision": 0.3581695283971719, "recall": 0.3016028786391887, "f1-score": 0.32746128711464695, "support": 15285.0}, "positive": {"precision": 0.8077924950237142, "recall": 0.8041268637547855, "f1-score": 0.8059555114224943, "support": 81757.0}, "accuracy": 0.7194325686936006, "macro avg": {"precision": 0.6066502653819392, "recall": 0.6034143479112725, "f1-score": 0.603909432603113, "support": 133091.0}, "weighted avg": {"precision": 0.7144957474597504, "recall": 0.7194325686936006, "f1-score": 0.7164286222072096, "support": 133091.0}}, "kappa_": 47.48, "lr_auc": 0.8354040007404596, "f1_auc": [["negative", "neutral", "positive"], [0.6783114992721979, 0.32746128711464695, 0.8059555114224943], [0.7384707707866869, 0.29449420283799677, 0.887063019749462]]}, "Gradient_Boosting": {"BigData_fraction": 0.05, "time_train": 112.746009349823, "score_": 69.86, "class_rp": {"negative": {"precision": 0.672164611741651, "recall": 0.4567116979666565, "f1-score": 0.543877904960111, "support": 36049.0}, "neutral": {"precision": 0.6666666666666666, "recall": 0.05194635263330062, "f1-score": 0.09638261714008255, "support": 15285.0}, "positive": {"precision": 0.7049606167253226, "recall": 0.9261225338503125, "f1-score": 0.8005476758139806, "support": 81757.0}, "accuracy": 0.6985821730996086, "macro avg": {"precision": 0.6812639650445468, "recall": 0.4782601948167566, "f1-score": 0.4802693993047247, "support": 133091.0}, "weighted avg": {"precision": 0.691679581867196, "recall": 0.6985821730996086, "f1-score": 0.650155451761703, "support": 133091.0}}, "kappa_": 33.52, "lr_auc": 0.8027505567149431, "f1_auc": [["negative", "neutral", "positive"], [0.543877904960111, 0.09638261714008255, 0.8005476758139806], [0.6685173938782671, 0.3059148400287604, 0.8616162585385776]]}}